category,title,details,url
anime,『銀魂』完全新作映画2026年公開,『銀魂』完全新作映画「吉原大炎上」が2026年公開決定。原作者・空知英秋氏のメッセージも発表され、ファンの注目を集めています。,https://www.anime-gintama.com
anime,ウマ娘『ぱかライブTV』生放送,『ウマ娘 プリティーダービー』公式生配信「ぱかライブTV Vol.56」が8月22日20時より放送。新キャストや新情報も続々発表予定。,https://news.yahoo.co.jp/articles/da11c7ee5883b75d7fbc5eff039489c8db1b2525
anime,ふつつかな悪女ではございますが新ビジュアル公開,2025年秋に放送開始予定のTVアニメ版の新ビジュアルが発表。メインキャラクターたちの出会いシーンやビジュアルにも注目です。,https://www.animatetimes.com/news/details.php?id=1755252907
anime,アニサマ特別ユニットがTHE FIRST TAKEに初登場,人気アニソンアーティストによるスペシャルユニット・ANISAMA FRIENDSが「THE FIRST TAKE」に初出演し一発撮りパフォーマンス披露。,https://www.thefirsttimes.jp/the-first-take/0000669242/
anime,『ホウセンカ』劇場上映決定,木下麦監督×此元和津也原作のオリジナル劇場アニメ『ホウセンカ』が10月に公開決定。思いやりと成長テーマのファンタジー作品。,https://www.animatetimes.com/news/details.php?id=1755074113
anime,『鬼滅の刃』無限城編 興収220億円突破,劇場版『鬼滅の刃』無限城編の興行収入が220億円を突破し歴代6位にランクイン。シリーズの圧倒的人気が証明されました。,https://news.yahoo.co.jp/articles/a055470455e0e3137921c03ac39fc5ebdcad958d
anime,オールナイトニッポンGOLD放送決定,『鬼滅の刃』の出演声優陣が集結し、特別番組「オールナイトニッポンGOLD」が9月12日一夜限りでラジオ放送されます。,https://www.animatetimes.com/news/details.php?id=1754626117
anime,『ズートピア2』新映像＆ポスター公開,大人気アニメ映画『ズートピア2』の新映像とポスターが公開。上戸彩＆森川智之が続投し、さらなる冒険が描かれます。,https://www.cinematoday.jp/news/N0150125
anime,『ラブライブ！ニジガク』写真集発売決定,田中ちえ美セカンド写真集が9月誕生日記念でリリース決定。『ラブライブ！虹ヶ咲学園』ファン注目の撮り下ろし多数掲載。,https://ksk-pj.com/nisekoiho/34945.html
anime,ラジオドラマ『サラリーマンBLACK』8月24日開始,社会派ラジオドラマ『サラリーマンBLACK』第3期が8月24日スタート。新たなキャスト・ストーリーに期待が高まります。,https://news.livedoor.com/article/detail/23975009/
K-POP,新ボーイズグループCORTIS 9月8日にリリースパーティ,BTSやTXTが所属するBIGHIT MUSICから新グループCORTISが9/8デビュー。最初の公式イベントも大きな注目。,https://news.yahoo.co.jp/articles/41b79475e302059672a9b7c55593709569f909ee
K-POP,aespa 3度目の日本アリーナツアー決定,aespaが3度目の日本アリーナツアー開催決定。神奈川ぴあアリーナMMで最新パフォーマンスとサプライズ発表も。,https://niewmedia.com/news/072988/
K-POP,NiziU 日本最大級夏フェス出演,NiziUが「ROCK IN JAPAN FESTIVAL 2025」に出演決定。大規模音楽フェスで圧巻のライブが期待されています。,https://niziu.com/s/n123/news/detail/11699?ima=0000&link=ROBO004
K-POP,BLACKPINK ROSÉ 新曲『Messy』リリース,BLACKPINKロゼが新曲「Messy」を配信開始。話題の映画『F1』サントラにも参加しグローバルで注目。,https://www.thefirsttimes.jp/news/0000614359/
K-POP,ENHYPEN NI-KI ナイナイと再会,ENHYPENのNI-KIがフジテレビ『週刊ナイナイミュージック』に出演し、ナイナイとの再会トークが話題に。,https://x.com/enhypen_jp
K-POP,BOYNEXTDOOR 新曲MVティザー公開,BOYNEXTDOORが新曲『Count To Love』MVティザーを公開。俳優・板垣李光人との共演も大きな話題。,https://www.mainichikpop.com/comeback/2600/
K-POP,TEENTOP 8月21日カムバック,"TEENTOPがニューアルバム『Just 15, Just TEENTOP』で8月21日にカムバック。ファン必見の新作です。",https://www.mainichikpop.com/comeback/2600/
K-POP,BIGHIT MUSIC新人TikTok話題,BIGHITの新グループCORTISがTikTok開設。初日から世界中のK-POPファンの間で話題になりました。,https://news.yahoo.co.jp/articles/8bd9eb8328791669dd3da29418773654e7eafd6a
K-POP,2PM チャンソン 11月ソロツアー決定,2PMのチャンソンが11月に日本3都市でソロコンサートツアー開催。多彩なステージに期待。,https://www.mainichikpop.com/comeback/2600/
K-POP,BTS TXT所属CORTISデビューイベント,CORTISが9月8日にデビュー記念の単独イベントを開催。BTSやTXTファンも新たな推しに注目。,https://news.yahoo.co.jp/articles/41b79475e302059672a9b7c55593709569f909ee
VTuber,スターダストVTuber事業 9月30日解散決定,大手芸能事務所スターダストの運営するVTuber事業が発表から4年で9/30に解散へ。各タレントは個別に今後活動予定。,https://news.yahoo.co.jp/articles/95780ac965b9963f5e9e58e003c146d97ef4462b
VTuber,にじさんじ 甲斐田晴 デジタルアルバム1位獲得,VTuberグループ「にじさんじ」甲斐田晴のデジタルアルバムが初登場1位。ファンの応援が大きな力に。,https://www.nijisanji.jp/news/9zq8dgglho4y
VTuber,新人宇宙飛行士VTuber 月女神イチ イベント出演,新人宇宙飛行士VTuber「月女神イチ」が大阪・関西万博のJAXAコラボイベントに出演決定。未来を担う声に注目。,https://prtimes.jp/main/html/rd/p/000000078.000051518.html
VTuber,領国つかさ 1stソロライブ決定,人気VTuberの領国つかさが11月30日に池袋harevutaiで1stソロライブ決定。ファンとの初単独ライブを開催。,https://dengekionline.com/article/202508/49605
VTuber,宝鐘マリン ちゃおVTuberランキング1位,小学館「ちゃお」10月号のVTuberランキングでホロライブ・宝鐘マリンが1位を獲得。女子小学生からも絶大な人気。,https://dengekionline.com/article/202508/49594
VTuber,周防パトラ 生誕祭開催、新作ゲーム発表,周防パトラ生誕祭で3Dギター演奏、新作恋愛アドベンチャーゲーム「君色パトラIF」の制作も発表されました。,https://www.gamer.ne.jp/news/202508120017/
VTuber,新人VTuber朱月星華 魔女アイドルとして活躍,魔女系VTuber朱月星華がデビューし週3ペースで活動中。X等SNSで最新情報もチェックできます。,https://raidori.com/@seika_akaduki
VTuber,ホロライブ宝鐘マリン 子どもファン増加,宝鐘マリンが子どもファン急増をライブで報告。ファンレターも多く新しい世代からの人気が止まりません。,https://dengekionline.com/article/202508/49594
VTuber,にじさんじ 甲斐田晴 デジタルアルバム初1位,甲斐田晴のデジタルアルバムがBillboard JAPAN週間DLで首位。音楽活動の幅広さが評価。,https://www.musicman.co.jp/chart/680522
VTuber,新人VTuber 月女神イチ 万博JAXA舞台に登場,未来の宇宙体験をテーマに万博JAXAステージに登場。宇宙教育イベントでも話題です。,https://www.expoinfo.shop/2025/06/06/%E5%A4%A7%E9%98%AA%E4%B8%87%E5%8D%9Ajaxa%E3%82%A4%E3%83%99%E3%83%B3%E3%83%88%EF%BC%81vtuber%E6%9C%88%E5%A5%B3%E7%A5%9E%E3%82%A4%E3%83%81%E5%87%BA%E6%BC%94%E6%B1%BA%E5%AE%9A%EF%BC%816-14%E6%9C%AA/